cast,average rating,total length of movie runtimes,number of movies stared in
 Ellen Page,81.0,148,1
 Megumi Hayashibara,81.0,87,1
 Koichi Yamadera,81.0,87,1
 Akira Ishida,81.0,87,1
 Kotono Mitsuishi,81.0,87,1
 Miki Nagasawa,81.0,87,1
 Paolo Stoppa,81.0,166,1
 Jason Robards,81.0,166,1
 Motomu Kiyokawa,81.0,87,1
 Hiro Yuki,81.0,87,1
 Charles Bronson,81.0,166,1
 Claudia Cardinale,81.0,166,1
 Mugihito,81.0,87,1
Leonardo DiCaprio,81.0,148,1
 Woody Strode,81.0,166,1
 Takehito Koyasu,81.0,87,1
 Yuriko Yamaguchi,81.0,87,1
 Keenan Wynn,81.0,166,1
 Frank Wolff,81.0,166,1
Megumi Ogata,81.0,87,1
Henry Fonda,81.0,166,1
 Jack Elam,81.0,166,1
 Fumihiko Tachiki,81.0,87,1
 Tom Hardy,81.0,148,1
 Gabriele Ferzetti,81.0,166,1
 Lionel Stander,81.0,166,1
 Marion Cotillard,81.0,148,1
 Joseph Gordon-Levitt,81.0,148,1
 Tom Berenger,81.0,148,1
 Maria Kawamura,81.0,87,1
 Lukas Haas,81.0,148,1
 Yuko Miyamura,81.0,87,1
 Dileep Rao,81.0,148,1
 Ian McKellen,80.5,380,2
 Bernard Hill,80.5,380,2
 Dominic Monaghan,80.5,380,2
 Viggo Mortensen,80.5,380,2
 Liv Tyler,80.5,380,2
 Billy Boyd,80.5,380,2
 Daniel Brühl,79.0,153,1
 Marcus Chong,79.0,136,1
 Sylvester Groth,79.0,153,1
 Belinda McClory,79.0,136,1
 Christoph Waltz,79.0,153,1
 Mélanie Laurent,79.0,153,1
 Matt Doran,79.0,136,1
 Eli Roth,79.0,153,1
 Til Schweiger,79.0,153,1
 Julian Arahanga,79.0,136,1
 Martin Wuttke,79.0,153,1
 B.J. Novak,79.0,153,1
 John Rhys-Davies,79.0,507,3
 Jacky Ido,79.0,153,1
 Gedeon Burkhard,79.0,153,1
 Michael Palin,78.0,92,1
Graham Chapman,78.0,92,1
 Terry Gilliam,78.0,92,1
 Eric Idle,78.0,92,1
 Connie Booth,78.0,92,1
 Carol Cleveland,78.0,92,1
 Terry Jones,78.0,92,1
 Neil Innes,78.0,92,1
 Giancarlo Esposito,77.0,121,1
 Dong-seok Ma,77.0,118,1
 Tim Pigott-Smith,77.0,132,1
 Natasha Wightman,77.0,132,1
 Michael Parks,77.0,137,1
 Daryl Hannah,77.0,248,2
 Devon Bostick,77.0,121,1
 Steven Yeun,77.0,121,1
 David Carradine,77.0,248,2
 Helen Kim,77.0,137,1
 Yoon Je Moon,77.0,121,1
 Gordon Liu,77.0,248,2
Gong Yoo,77.0,118,1
 Julie Dreyfus,77.0,111,1
 Roger Allam,77.0,132,1
 Byun Heebong,77.0,121,1
 Yu-mi Jung,77.0,118,1
 Vivica A. Fox,77.0,111,1
 Stephen Rea,77.0,132,1
 Soo-an Kim,77.0,118,1
 Claire Smithies,77.0,137,1
 Paul Dano,77.0,121,1
 Eui-sung Kim,77.0,118,1
 Shirley Henderson,77.0,121,1
 Sinéad Cusack,77.0,132,1
 Woo Shik Choi,77.0,239,2
 Jake Gyllenhaal,77.0,121,1
 Daniel Henshall,77.0,121,1
Natalie Portman,77.0,132,1
 Sohee,77.0,118,1
Tilda Swinton,77.0,121,1
 Sonny Chiba,77.0,111,1
 Chiaki Kuriyama,77.0,111,1
 Clark Middleton,77.0,137,1
 Rupert Graves,77.0,132,1
 Lily Collins,77.0,121,1
 Perla Haney-Jardine,77.0,137,1
Uma Thurman,77.0,248,2
 Stephen Fry,77.0,132,1
 An Seo Hyun,77.0,121,1
 Orlando Bloom,76.66666666666667,543,3
 Etienne Chicot,76.0,100,1
 Sean Connery,76.0,127,1
 River Phoenix,76.0,127,1
 Denholm Elliott,76.0,127,1
Samuel L. Jackson,76.0,168,1
Diogo Morgado,76.0,100,1
 Julian Glover,76.0,127,1
 Walton Goggins,76.0,168,1
 Abeer Abrar,76.0,214,1
 Tim Roth,76.0,168,1
 Zoë Bell,76.0,168,1
 Raza Murad,76.0,214,1
 James Parks,76.0,168,1
 Paulo Gorgulho,76.0,100,1
 Deto Montenegro,76.0,100,1
 Aishwarya Rai Bachchan,76.0,214,1
 Robert Eddison,76.0,127,1
 Bruce Dern,76.0,168,1
 Jonas Leite,76.0,100,1
 Dana Gourrier,76.0,168,1
 Igor Galvão,76.0,100,1
 Will Roberts,76.0,100,1
 Demián Bichir,76.0,168,1
 Ila Arun,76.0,214,1
 Maria de Medeiros,76.0,100,1
 Kevork Malikyan,76.0,127,1
 Suhasini Mulay,76.0,214,1
Hrithik Roshan,76.0,214,1
 Jennifer Jason Leigh,76.0,168,1
 Alison Doody,76.0,127,1
 Eduardo Galvão,76.0,100,1
 Allan Lima,76.0,100,1
 Poonam Sinha,76.0,214,1
 Kulbhushan Kharbanda,76.0,214,1
Elijah Wood,75.66666666666667,460,3
 Phyllida Law,75.0,96,1
 Joe Spinell,75.0,120,1
 Hiroyuki Ikeuchi,75.0,107,1
 Burgess Meredith,75.0,120,1
 Jeremy Irons,75.0,96,1
 Wong You-nam,75.0,107,1
 Nick Moran,75.0,108,1
 Omero Mumba,75.0,96,1
 Carl Weathers,75.0,120,1
 Nick Marcq,75.0,108,1
 Jimmy Gambina,75.0,120,1
 Burt Young,75.0,120,1
 Nicholas Rowe,75.0,108,1
 Charles Forbes,75.0,108,1
 Dexter Fletcher,75.0,108,1
 Steven Mackintosh,75.0,108,1
Jason Flemyng,75.0,108,1
 Lenny McLean,75.0,108,1
 Thayer David,75.0,120,1
 Lam Ka Tung,75.0,107,1
 Samantha Mumba,75.0,96,1
 Alan Young,75.0,96,1
Guy Pearce,75.0,96,1
Sylvester Stallone,75.0,120,1
 Bill Baldwin,75.0,120,1
 Talia Shire,75.0,120,1
 Mark Addy,75.0,96,1
 Jürgen Prochnow,74.0,95,1
 Heinz Lieven,74.0,95,1
 Oscar Isaac,74.0,100,1
 Christina Hendricks,74.0,100,1
 Henry Czerny,74.0,95,1
 Carey Mulligan,74.0,100,1
 Kaden Leos,74.0,100,1
Ryan Gosling,74.0,100,1
 Jeff Wolfe,74.0,100,1
 Bruno Ganz,74.0,95,1
Brad Pitt,74.0,316,2
 Dean Norris,74.0,95,1
 James Biberi,74.0,100,1
Christopher Plummer,74.0,95,1
 Sean Astin,73.69586374695864,489,3
 Louis Fan,73.5,215,2
 Angel David,73.0,102,1
Bruce Lee,73.0,103,1
 Danny Sapani,73.0,108,1
Noomi Rapace,73.0,124,1
 Charlie Kelly,73.0,108,1
 Anna Levine,73.0,102,1
 Mandla Gaduka,73.0,112,1
 Angela Mao,73.0,103,1
 Kien Shih,73.0,103,1
Brandon Lee,73.0,102,1
 William Allen Young,73.0,112,1
 Sofia Shinas,73.0,102,1
 Laurence Mason,73.0,102,1
 Conor MacNeill,73.0,108,1
 Conor Quinlan,73.0,108,1
 Eugene Khumbanyiwa,73.0,112,1
 Peter Archer,73.0,103,1
 Louis Minnaar,73.0,112,1
 Ahna Capri,73.0,103,1
 Clara Read,73.0,124,1
 Vanessa Haywood,73.0,112,1
 Emmanuelle Seigner,73.0,108,1
 Jason Cope,73.0,112,1
 Jason O'Mara,73.0,108,1
 Jim Kelly,73.0,103,1
 Fionn O'Shea,73.0,108,1
 Christian Rubeck,73.0,124,1
 Nathalie Boltt,73.0,112,1
 Ernie Hudson,73.0,102,1
 Marwan Kenzari,73.0,124,1
 Betty Chung,73.0,103,1
 Robert Wall,73.0,103,1
 Rochelle Davis,73.0,102,1
 Mikael Persbrandt,73.0,108,1
 Kenneth Nkosi,73.0,112,1
 David Patrick Kelly,73.0,102,1
 Jon Polito,73.0,102,1
 Michael Wincott,73.0,102,1
 Cameron Jack,73.0,124,1
 David James,73.0,112,1
 Bolo Yeung,73.0,103,1
 Guillaume Canet,73.0,108,1
 John Saxon,73.0,103,1
 Pål Sverre Hagen,73.0,124,1
 Cassie Clare,73.0,124,1
 Ronan Raftery,73.0,108,1
 Geoffrey Weeks,73.0,103,1
 Michael Massee,73.0,102,1
 Michael McElhatton,73.0,108,1
 Jordan Mifsud,73.0,108,1
 Glenn Close,73.0,124,1
Jamie Dornan,73.0,108,1
 Tomiwa Edun,73.0,124,1
 Tony Todd,73.0,102,1
 Gloria Foster,73.0,274,2
 Cate Blanchett,72.66666666666667,503,3
 Henry Cavill,72.5852534562212,113,1
 Glen Powell,72.5852534562212,113,1
 Sammy Sheik,72.5852534562212,113,1
 Gonzalo Menendez,72.5852534562212,113,1
 Beau Knapp,72.5852534562212,113,1
Nicholas Hoult,72.5852534562212,113,1
 Logan Marshall-Green,72.5852534562212,113,1
 Neil Brown Jr.,72.5852534562212,113,1
 Michael Fassbender,72.5,237,2
 Hugo Weaving,72.33333333333333,908,6
 Tom Guiry,72.0,144,1
 Jaime FitzSimons,72.0,109,1
 Jack Kelly,72.0,98,1
 Shondrella Avery,72.0,109,1
 Glenn Morshower,72.0,144,1
 De Ming Wang,72.0,120,1
 Ioan Gruffudd,72.0,144,1
 Earl Holliman,72.0,98,1
 Ewan McGregor,72.0,144,1
 Stellan Skarsgård,72.0,155,1
 Hugh Dancy,72.0,144,1
 Huang Xiaoming,72.0,108,1
 Darren Shahlavi,72.0,108,1
 Trey Tucker,72.0,120,1
 Danny Hoch,72.0,144,1
 Qiu Yuen,72.0,99,1
 Ron Eldard,72.0,144,1
 Powers Boothe,72.0,124,1
 Rutger Hauer,72.0,124,1
 Emma Rigby,72.0,155,1
 Elijah Wood,72.0,124,1
 Dong Zhi Hua,72.0,99,1
 Frank Grillo,72.0,109,1
 Ellen Wong,72.0,112,1
 Elyas M'Barek,72.0,155,1
 David Harbour,72.0,109,1
 Fahri Yardim,72.0,155,1
 Fa Zeng Li,72.0,120,1
 Gabriel Casseus,72.0,144,1
 Jeremy Piven,72.0,144,1
 Michael Clarke Duncan,72.0,124,1
 Charlie Hofheimer,72.0,144,1
 Mary Elizabeth Winstead,72.0,112,1
 Yan Hai,72.0,120,1
 Kieran Culkin,72.0,112,1
 Natalie Martinez,72.0,109,1
 Yuen Qiu,72.0,99,1
 Kanin Ngo,72.0,108,1
 Benicio Del Toro,72.0,124,1
 Carla Gugino,72.0,120,1
Gary Oldman,72.0,120,1
 Zeljko Ivanek,72.0,144,1
Leslie Nielsen,72.0,98,1
 Calvin Ka-Sing Cheng,72.0,108,1
 Alexis Bledel,72.0,124,1
 Johnny Simmons,72.0,112,1
 Makram Khoury,72.0,155,1
 Mae Whitman,72.0,112,1
 Mickey Rourke,72.0,124,1
 Kwok Kuen Chan,72.0,99,1
Josh Hartnett,72.0,144,1
 Josh Hartnett,72.0,124,1
Michael Cera,72.0,112,1
 America Ferrara,72.0,109,1
 Brittany Murphy,72.0,124,1
 America Ferrera,72.0,109,1
 Britt Robertson,72.0,120,1
 Michael Marcus,72.0,155,1
Chow Yun Fat,72.0,120,1
 Brendan Sexton III,72.0,144,1
 Brandon Routh,72.0,112,1
 Aubrey Plaza,72.0,112,1
 Lam Chi Chung,72.0,99,1
 Cle Sloan,72.0,109,1
 Cillian Murphy,72.0,239,2
 Leung Siu Lung,72.0,99,1
Stephen Chow,72.0,99,1
 Janet Montgomery,72.0,120,1
 Lung Hsiung,72.0,120,1
 Anna Kendrick,72.0,221,2
Tom Payne,72.0,155,1
 Anne Francis,72.0,98,1
 Jason Schwartzman,72.0,112,1
Jake Gyllenhaal,72.0,109,1
 Olivier Martinez,72.0,155,1
 Asa Butterfield,72.0,120,1
 Warren Stevens,72.0,98,1
 Chris Evans,72.0,112,1
 Xian Gao,72.0,120,1
 Clive Owen,72.0,124,1
 Chiu Chi-Ling,72.0,99,1
 Cheng Pei-pei,72.0,120,1
 Cody Horn,72.0,109,1
 Mark Webber,72.0,112,1
 Walter Pidgeon,72.0,98,1
 James Drury,72.0,98,1
 Xing Yu,71.33333333333333,300,3
 Abbie Cornish,71.26209677419355,105,1
 Robert John Burke,71.26209677419355,105,1
Bradley Cooper,71.26209677419355,105,1
 Tomas Arana,71.26209677419355,105,1
 T.V. Carpio,71.26209677419355,105,1
 Johnny Whitworth,71.26209677419355,105,1
 Darren Goldstein,71.26209677419355,105,1
 Robert De Niro,71.26209677419355,105,1
 Anthony Mackie,71.0,87,1
 Sunil Shetty,71.0,171,1
 Sushmita Sen,71.0,171,1
Frank Grillo,71.0,87,1
 Amrita Rao,71.0,171,1
 Kiron Kher,71.0,171,1
 Tarita,71.0,185,1
 Boris McGiver,71.0,87,1
 Kate Capshaw,71.0,119,1
 Roshan Seth,71.0,119,1
 Bindu,71.0,171,1
 Markice Moore,71.0,87,1
 Teyonah Parris,71.0,87,1
 David Yip,71.0,119,1
 Roy Chiao,71.0,119,1
 Philip Stone,71.0,119,1
 Naseeruddin Shah,71.0,171,1
 Amrish Puri,71.0,119,1
 Christian Cooke,71.0,87,1
 Zayed Khan,71.0,171,1
 Jonathan Ke Quan,71.0,119,1
 Hugh Griffith,71.0,185,1
 Chua Kah Joo,71.0,119,1
 Trevor Howard,71.0,185,1
 Richard Haydn,71.0,185,1
Marlon Brando,71.0,185,1
 Ric Young,71.0,119,1
 Michael Madsen,70.83333333333333,864,6
 Lynn Hung,70.66666666666667,320,3
 Diane Kruger,70.66666666666667,447,3
 Eric Bana,70.5,307,2
 Kelly Reilly,70.0,128,1
 Eddie Marsan,70.0,128,1
 Odd Magnus Williamson,70.0,96,1
 Geraldine James,70.0,128,1
 Chen Zhi Hui,70.0,220,2
 Laurence Fishburne,70.0,403,3
 Jakob Oftebro,70.0,96,1
 Peter Wight,70.0,96,1
 Martin Landau,70.0,175,2
 Agnes Kittelsen,70.0,96,1
 Gustaf Skarsgård,70.0,96,1
Robert Downey Jr.,70.0,128,1
 Carrie-Anne Moss,70.0,403,3
 Rachel McAdams,70.0,128,1
 Anders Baasmo Christiansen,70.0,96,1
Pål Sverre Hagen,70.0,96,1
 Amund Hellum Noraker,70.0,96,1
 Hans Matheson,70.0,128,1
 Michael Caine,70.0,242,2
 Eilif Hellum Noraker,70.0,96,1
 Tobias Santelmann,70.0,96,1
 Ben Miles,69.5,231,2
 Yuen Wah,69.5,193,2
 Ewen Bremner,69.5,270,2
 Alison Pill,69.5,238,2
 Sergio Calderón,69.0,98,1
 Saffron Burrows,69.0,163,1
 Angus Macfadyen,69.0,107,1
 Emily Watson,69.0,107,1
 Linda Fiorentino,69.0,98,1
 Sean Pertwee,69.0,107,1
 Brian Cox,69.0,163,1
 Rose Byrne,69.0,163,1
 Mike Nussbaum,69.0,98,1
 Joe Pantoliano,69.0,402,3
 Matthew Harbour,69.0,107,1
 Taye Diggs,69.0,107,1
 Jon Gries,69.0,98,1
 Julie Christie,69.0,163,1
 Peter O'Toole,69.0,163,1
Donnie Yen,68.8,527,5
 Sammo Kam-Bo Hung,68.5,221,2
 Danny Chan,68.5,204,2
 Kent Cheng,68.5,213,2
 Simon Yam,68.33333333333333,320,3
 Motoki Kobayashi,68.0,133,1
 Luke Evans,68.0,106,1
Sam Worthington,68.0,106,1
 Agyness Deyn,68.0,89,1
 Neil Maskell,68.0,89,1
 Cesar Montano,68.0,133,1
 Natalie Mendoza,68.0,133,1
 Daisy Lewis,68.0,89,1
Richard Coyle,68.0,89,1
 Vincent D'Onofrio,68.0,204,2
 Paul Kaye,68.0,89,1
 Craig McLachlan,68.0,133,1
 Alexa Davalos,68.0,106,1
 Ralph Fiennes,68.0,106,1
 Mads Mikkelsen,68.0,106,1
 Robert Mammone,68.0,133,1
 Mark Strong,68.0,369,3
 Ken Watanabe,68.0,257,2
 Gemma Arterton,68.0,106,1
 Mem Ferda,68.0,89,1
 Bill Thomas,68.0,89,1
 Mark Consuelos,68.0,133,1
 James Carpinello,68.0,133,1
 Joseph Fiennes,68.0,133,1
 Tine Stapelfeldt,68.0,106,1
 Bronson Webb,68.0,89,1
Benjamin Bratt,68.0,133,1
 Zlatko Buric,68.0,89,1
 Connie Nielsen,68.0,133,1
 Vinnie Jones,67.66666666666667,313,3
 Michael Byrne,67.5,243,2
 Jason Statham,67.5,211,2
 Richard Harris,67.5,302,2
 Sienna Guillory,67.5,202,2
 Bryan Cranston,67.5,233,2
 Zhang Ziyi,67.5,228,2
 Sonu Sood,67.5,321,2
 Chang Chen,67.5,228,2
 Brie Larson,67.5,203,2
 Wah Yuen,67.5,188,2
Sharlto Copley,67.33333333333333,324,3
 Susan Sarandon,67.0,107,1
 Octavia Spencer,67.0,126,1
 Jeremy Davies,67.0,106,1
 James Fox,67.0,245,2
 Christopher Walken,67.0,106,1
 Dong Jie,67.0,94,1
Keanu Reeves,67.0,508,4
 Jamie Bell,67.0,126,1
 Paul Giamatti,67.0,107,1
 Nicholas Tse,67.0,94,1
 Jim Gaffigan,67.0,106,1
 Ed Harris,67.0,126,1
 Mark Camacho,67.0,107,1
 Marcus Thomas,67.0,106,1
 Vlad Ivanov,67.0,126,1
 Marcia Gay Harden,67.0,217,2
 Ko A-sung,67.0,126,1
 Vincent Sze,67.0,94,1
 Lauren Graham,67.0,106,1
 Tilda Swinton,67.0,126,1
 Luke Pasqualino,67.0,126,1
 Val Kilmer,67.0,106,1
 Tony Robinow,67.0,107,1
 Tony Hale,67.0,107,1
 Tony Darrow,67.0,106,1
Ray Stevenson,67.0,106,1
 Tommy Yuen,67.0,94,1
 Randall Duk Kim,67.0,138,1
 Kabir Bedi,67.0,325,2
 Tod Fennell,67.0,107,1
 Boman Irani,67.0,325,2
 Keir Gilchrist,67.0,106,1
 Emma Roberts,67.0,106,1
Chris Evans,67.0,126,1
Angela Galuppo,67.0,107,1
 Li Xiaoran,67.0,94,1
 Carlos Alazraqui,67.0,107,1
 Adnan Haskovic,67.0,126,1
 Song Kang-ho,67.0,126,1
 Linda Cardellini,67.0,106,1
 Zoë Kravitz,67.0,106,1
 Fionnula Flanagan,67.0,106,1
 Aasif Mandvi,67.0,106,1
 William Fichtner,66.66666666666667,341,3
 Rosario Dawson,66.5,212,2
 John Hurt,66.5,503,4
 Jude Law,66.5,251,2
 Sam Shepard,66.5,243,2
Shah Rukh Khan,66.33333333333333,460,3
 Peter Ustinov,66.0,118,1
 Tom Kane,66.0,80,1
 Randolph Roberts,66.0,118,1
 Peter Lawford,66.0,127,1
Frank Sinatra,66.0,127,1
 Alan Oppenheimer,66.0,80,1
Denzel Washington,66.0,118,1
 Michael Kitchen,66.0,130,1
 Michael Gambon,66.0,118,1
 Kalani Queypo,66.0,84,1
Kodi Smit-McPhee,66.0,84,1
 Izabella Scorupco,66.0,130,1
Michael York,66.0,118,1
 Ben Kingsley,66.0,247,2
 Maurice Carpede,66.0,121,1
 Andrew Robertt,66.0,84,1
 Keith David,66.0,172,1
 Michelle Yeoh,66.0,239,2
 Jose Pablo Cantillo,66.0,121,1
 Jenny Agutter,66.0,118,1
 Yo-Landi Visser,66.0,121,1
 Cesar Romero,66.0,127,1
 Joe Pingue,66.0,118,1
 Jim Sturgess,66.0,172,1
 Caren Pistorius,66.0,84,1
 Richard Conte,66.0,127,1
 Chen Kuan Tai,66.0,207,2
 Joey Bishop,66.0,127,1
 Ninja,66.0,121,1
 Angie Dickinson,66.0,127,1
 Jennifer Connelly,66.0,80,1
 Jennifer Beals,66.0,118,1
 Christopher Lee,66.0,274,2
 Mila Kunis,66.0,118,1
 Johnny Selema,66.0,121,1
 Patrice Wymore,66.0,127,1
 Zhou Xun,66.0,172,1
 Brandon Auret,66.0,121,1
 Serena Gordon,66.0,130,1
 Ben Whishaw,66.0,172,1
 Devon Aoki,66.0,227,2
Tom Hanks,66.0,172,1
 Gary Oldman,66.0,118,1
 Gary Morgan,66.0,118,1
 Alan Cumming,66.0,130,1
 Richard Jordan,66.0,118,1
 Dev Patel,66.0,121,1
 Dean Martin,66.0,127,1
 Edwin Wright,66.0,84,1
 Fred Tatasciore,66.0,80,1
 Frances de la Tour,66.0,118,1
 Rory McCann,66.0,84,1
 Simon Kunz,66.0,130,1
 Sammy Davis Jr.,66.0,127,1
 Farrah Fawcett,66.0,118,1
 Doona Bae,66.0,172,1
 Famke Janssen,66.0,130,1
 Gottfried John,66.0,130,1
 Evan Jones,66.0,118,1
 Greg Lewis,66.0,118,1
 Roscoe Lee Browne,66.0,118,1
Harrison Ford,65.8,624,5
Bruce Willis,65.75,452,4
 Tom Sizemore,65.66666666666667,465,3
 Nona Gaye,65.5,267,2
 Tchéky Karyo,65.5,249,2
 Clayne Crawford,65.5,241,2
 Jada Pinkett Smith,65.5,267,2
 Max Martini,65.5,241,2
 Lambert Wilson,65.5,267,2
 Nick Stahl,65.5,233,2
 Harold Perrineau,65.5,267,2
 Kurt Russell,65.5,266,2
 Harry Lennix,65.5,267,2
 Jim Belushi,65.0,97,1
 Albert Brooks,65.0,198,2
 Louis Cheung,65.0,105,1
 Yuwu Qi,65.0,113,1
 Françoise Yip,65.0,89,1
 David H. Stevens,65.0,97,1
 Catherine O'Hara,65.0,191,1
 Tommy Swerdlow,65.0,110,1
 Joanna Going,65.0,191,1
 Rupert Evans,65.0,122,1
 Steven Weber,65.0,110,1
 Damian Lau,65.0,113,1
 Deepika Padukone,65.0,135,1
 Morgan Lam,65.0,89,1
 Nestor Serrano,65.0,119,1
 Lekh Tandon,65.0,135,1
 Garvin Cross,65.0,89,1
 Chelsea Field,65.0,105,1
 Xiang Dong Xu,65.0,113,1
 Rip Torn,65.0,186,2
 Nikitin Dheer,65.0,135,1
 Tony Shalhoub,65.0,186,2
 Noble Willingham,65.0,105,1
 Jeffrey Tambor,65.0,122,1
 Wu Ma,65.0,113,1
 Jeff Fahey,65.0,191,1
Tommy Lee Jones,65.0,186,2
 Damon Wayans,65.0,105,1
 BD Wong,65.0,253,2
 Wu Chun,65.0,113,1
 Julio Oscar Mechoso,65.0,119,1
 Biddy Hodson,65.0,122,1
 Shawn Yue,65.0,203,2
 Michael A. Nickles,65.0,110,1
 Kamini Kaushal,65.0,135,1
 Bill Pullman,65.0,191,1
 Michael Boatman,65.0,110,1
 Bill Tung,65.0,89,1
 Emmanuel Xuereb,65.0,119,1
 Karel Roden,65.0,122,1
 Michael Dolan,65.0,110,1
 Michael Imperioli,65.0,119,1
 Linden Ashby,65.0,191,1
 Satyaraj,65.0,135,1
 Harry O'Reilly,65.0,110,1
 Karena Ng,65.0,105,1
 Brian Steele,65.0,122,1
 Karli Hall,65.0,97,1
Anthony Barille,65.0,110,1
 Bryan Leung,65.0,105,1
 Kate Tsui,65.0,113,1
 Zhao Wei,65.0,113,1
 Mike Tyson,65.0,105,1
 Babyjohn Choi,65.0,105,1
 Ellen Barkin,65.0,122,1
 Gene Hackman,65.0,191,1
 Selma Blair,65.0,122,1
 Al Pacino,65.0,122,1
 Danielle Harris,65.0,105,1
 Daniel O'Shea,65.0,110,1
 Tim Quill,65.0,110,1
 Patrick Tam,65.0,105,1
 Marc Akerstream,65.0,89,1
 Taylor Negron,65.0,105,1
 Tegan West,65.0,110,1
 Ladislav Beran,65.0,122,1
 Ailen Sit,65.0,89,1
 Law Kar-Ying,65.0,113,1
 Téa Leoni,65.0,119,1
Patrick Wilson,65.0,97,1
 Will Smith,65.0,186,2
Kevin Costner,65.0,191,1
 Anita Mui,65.0,89,1
 Ian McShane,65.0,97,1
 Isabella Rossellini,65.0,191,1
 Corey Johnson,65.0,122,1
 Orlando Jones,65.0,205,2
 Derek Boone,65.0,97,1
 Don James,65.0,110,1
 Kevin Trainor,65.0,122,1
 Mark Harmon,65.0,191,1
 Andrew Howard,64.63104838709677,203,2
 Tom Waits,64.5,241,2
 Sigourney Weaver,64.5,211,2
 Scott Caan,64.5,247,2
 Casey Affleck,64.5,247,2
 Matt Damon,64.5,247,2
 Kari Wahlgren,64.5,190,2
 Liam Neeson,64.5,244,2
 Brad Pitt,64.5,247,2
 Christopher Plummer,64.33333333333333,334,3
 Robert Wagner,64.33333333333333,313,3
 Jon Voight,64.0,131,1
 Tom Skerritt,64.0,121,1
 Johnny Messner,64.0,121,1
 C. Thomas Howell,64.0,114,1
 Courtney B. Vance,64.0,240,2
 Michael Stahl-David,64.0,85,1
 Harry Dean Stanton,64.0,114,1
 Ben Johnson,64.0,114,1
 Odette Annable,64.0,85,1
 Brian Klugman,64.0,85,1
 Brad Savage,64.0,114,1
 Justin Bartha,64.0,131,1
 Esai Morales,64.0,98,1
Lizzy Caplan,64.0,85,1
 Malick Bowens,64.0,121,1
 Mekhi Phifer,64.0,98,1
 Sean Bean,64.0,776,6
 J.E. Freeman,64.0,117,1
 Julia Roberts,64.0,125,1
Patrick Swayze,64.0,114,1
 Ben Mendelsohn,64.0,198,2
Wood Harris,64.0,98,1
 Joyce Walker,64.0,98,1
 Cynthia Martells,64.0,98,1
 Remo Greene,64.0,98,1
 Regina Hall,64.0,98,1
 Thora Birch,64.0,117,1
Christian Bale,64.0,222,2
 Theresa Randle,64.0,266,2
 Mary Alice,64.0,129,1
 Theo Rossi,64.0,85,1
 Charlie Sheen,64.0,114,1
 Paul Francis,64.0,121,1
 Anjul Nigam,64.0,85,1
 Awaovieyi Agie,64.0,121,1
 Chad Smith,64.0,121,1
 Anne Archer,64.0,117,1
 Charles Ingram,64.0,121,1
 Kevin Carroll,64.0,98,1
 Jessica Lucas,64.0,85,1
 Mukesh Tiwari,64.0,289,2
 Nick Chinlund,64.0,121,1
 T.J. Miller,64.0,85,1
 Lea Thompson,64.0,114,1
 Chi McBride,64.0,98,1
 Jennifer Grey,64.0,114,1
 Darren Dalton,64.0,114,1
 Doug Toby,64.0,114,1
 Martin Lawrence,64.0,266,2
 Eamonn Walker,64.0,121,1
 Channing Tatum,64.0,296,2
 Cam'ron,64.0,98,1
 Margot Farley,64.0,85,1
 James Earl Jones,64.0,117,1
 Zhang Jin,64.0,213,2
 Don Cheadle,63.75,456,4
 Pete Postlethwaite,63.666666666666664,345,3
 John C. Reilly,63.5,191,2
 Hugh Jackman,63.5,220,2
 Dylan McDermott,63.5,229,2
 Jessica Alba,63.5,223,2
 Paul Sorvino,63.5,202,2
 James Franco,63.5,272,2
 Patrick Bergin,63.5,208,2
 Jaime King,63.5,223,2
 Catherine Zeta-Jones,63.5,263,2
 Yancey Arias,63.5,196,2
 Li Bingbing,63.0,104,1
 Kajol,63.0,154,1
 Mark Monero,63.0,91,1
Jay Chou,63.0,109,1
 Babou Ceesay,63.0,91,1
James Badge Dale,63.0,108,1
 Louis Ozawa Changchien,63.0,108,1
 Loren Dean,63.0,130,1
 Andrew Garfield,63.0,123,1
Takeshi Kaneshiro,63.0,89,1
Ron Perlman,63.0,218,2
 Kenny Bee,63.0,109,1
 Anne Suzuki,63.0,109,1
 Lynn Collins,63.0,230,2
Tony Leung Chiu-wai,63.0,108,1
 Lo Hoi-pang,63.0,108,1
 Liu Yifei,63.0,104,1
 Matt Letscher,63.0,138,1
 Armie Hammer,63.0,91,1
 Barbara Babcock,63.0,130,1
 Anthony Wong Chau-Sang,63.0,109,1
Heath Ledger,63.0,123,1
 Lily Cole,63.0,123,1
 Matthew Fox,63.0,90,1
 Xiao Shen-Yang,63.0,108,1
 Kriti Sanon,63.0,154,1
 Cole Hauser,63.0,240,2
 Edgar Ramírez,63.0,90,1
 Corey Yuen,63.0,89,1
 Collin Chou,63.0,104,1
 Pedro Armendáriz Jr.,63.0,138,1
 Colin Farrell,63.0,123,1
 James Garner,63.0,130,1
 Wang Deshun,63.0,104,1
 William Hurt,63.0,90,1
 Edison Chen,63.0,109,1
 Wang Qingxiang,63.0,108,1
 Jason Butler Harner,63.0,202,2
 Sam Riley,63.0,91,1
 Willem Dafoe,63.0,366,3
 Pankaj Tripathi,63.0,154,1
 Gabrielle Union,63.0,147,1
 Cory Hardrict,63.0,108,1
 Viola Davis,63.0,235,2
 Vinod Khanna,63.0,154,1
 Jack Reynor,63.0,91,1
 Victor Rivers,63.0,138,1
 J.K. Simmons,63.0,246,2
 Varun Sharma,63.0,154,1
 Dylan Smith,63.0,108,1
 Stuart Wilson,63.0,138,1
 Tak Yuen,63.0,89,1
 Philip Bulcock,63.0,108,1
 Varun Dhawan,63.0,154,1
 Valerie Chow,63.0,89,1
 Donald Sutherland,63.0,130,1
 Thomas McDonell,63.0,104,1
 Tony Amendola,63.0,138,1
 Robbie Coltrane,63.0,258,2
 William Devane,63.0,130,1
 William Marquez,63.0,138,1
 Zhao Benshan,63.0,108,1
Clint Eastwood,63.0,130,1
 Jordi Mollà,63.0,147,1
 Jordan Chan,63.0,109,1
 Michael Peña,63.0,336,3
 Juana Collignon,63.0,104,1
 Bruce Greenwood,63.0,108,1
 Jon Seda,63.0,147,1
 Saïd Taghmaoui,63.0,90,1
 Sanjay Mishra,63.0,154,1
 Song Hye-kyo,63.0,108,1
 Shawar Ali,63.0,154,1
 Johnny Lever,63.0,154,1
 José Pérez,63.0,138,1
 Blair Brown,63.0,130,1
 Morgan Benoit,63.0,104,1
 Emily Mortimer,63.0,108,1
 Michael Angarano,63.0,104,1
 Forest Whitaker,63.0,90,1
 Yuen Biao,63.0,89,1
 Julian Cheung,63.0,108,1
 Jimmy Akingbola,63.0,108,1
 Chapman To,63.0,109,1
Dennis Quaid,63.0,90,1
 Jet Li,63.0,104,1
 Jessica Hester Hsuan,63.0,89,1
 Noah Taylor,63.0,91,1
 Monica Bellucci,62.75,507,4
 Kim Coates,62.666666666666664,339,3
 Michael Smiley,62.5,205,2
 Mike Noble,62.5,208,2
 Polly Walker,62.5,250,2
 Ayelet Zurer,62.5,205,2
 Siobhan Fallon Hogan,62.5,209,2
 Jason Isaacs,62.5,243,2
 Tommy Lee Jones,62.5,240,2
George Clooney,62.333333333333336,371,3
 Andy Garcia,62.333333333333336,345,3
Jude Law,62.0,114,1
Clive Owen,62.0,115,1
 Shohreh Aghdashloo,62.0,115,1
 Scoot McNairy,62.0,114,1
Gerard Butler,62.0,119,1
 Shô Kosugi,62.0,99,1
 Sasha Roiz,62.0,102,1
 Zoe Saldana,62.0,197,2
 Morgan Freeman,62.0,234,2
 Mos Def,62.0,102,1
 Naomie Harris,62.0,99,1
 Sami Darr,62.0,93,1
 Wladimir Tarasjanz,62.0,99,1
 Samantha Bond,62.0,263,2
 Richard Durden,62.0,93,1
 Tobias Menzies,62.0,114,1
 Patrick Garrow,62.0,102,1
Kirsten Dunst,62.0,110,1
 Melissa Leo,62.0,119,1
 Peyman Moaadi,62.0,115,1
 Phil Hartman,62.0,110,1
 Maile Flanagan,62.0,83,1
Rain,62.0,99,1
 Tsuyoshi Ihara,62.0,115,1
 Robert Racki,62.0,102,1
 Robert Forster,62.0,119,1
 Thorston Manderlay,62.0,99,1
 Radha Mitchell,62.0,119,1
 Richard van Weyden,62.0,99,1
 Sam Regal,62.0,83,1
Yuri Lowenthal,62.0,83,1
 Crispin Freeman,62.0,83,1
 Casey Sander,62.0,102,1
 David Morse,62.0,102,1
 Eric Godon,62.0,93,1
 Amber Rose Revah,62.0,93,1
 Chems Dahmani,62.0,93,1
 John Cleese,62.0,459,4
 David Threlfall,62.0,114,1
 Gregory Smith,62.0,110,1
 Grigoriy Dobrygin,62.0,114,1
 Angela Bassett,62.0,119,1
 Eleonore Weisgerber,62.0,99,1
 Denis Leary,62.0,110,1
 Jodie Whittaker,62.0,114,1
 Desmond Llewelyn,62.0,377,3
 Cam Clarke,62.0,83,1
 Jonathan Rhys Meyers,62.0,93,1
 Didier Constant,62.0,93,1
 Ashley Judd,62.0,119,1
 Bai Ling,62.0,208,2
 Kasia Smutniak,62.0,93,1
 Karl Davies,62.0,114,1
 Bing Yin,62.0,93,1
 Bobby Schofield,62.0,114,1
 David Andrews,62.0,300,2
 Elise Neal,62.0,194,2
 Jenna Stern,62.0,102,1
 Jason Flemyng,62.0,210,2
 Cylk Cozart,62.0,102,1
 Jay Mohr,62.0,110,1
 Lex Lang,62.0,83,1
 Ahn Sung-kee,62.0,115,1
 François Bredon,62.0,93,1
 Aksel Hennie,62.0,115,1
 Finley Jacobsen,62.0,119,1
 Aaron Eckhart,62.0,119,1
 Ernest Borgnine,62.0,110,1
 Cliff Curtis,62.0,115,1
 Sam Worthington,61.666666666666664,343,3
 Anna Friel,61.631048387096776,195,2
 Halle Berry,61.6,642,5
 John Leguizamo,61.5,230,2
 Cung Le,61.5,200,2
 Johnny Depp,61.5,226,2
Antonio Banderas,61.5,230,2
 Michael Shannon,61.0,276,2
 Phil Cheadle,61.0,133,1
 Jacek Koman,61.0,109,1
 Idris Elba,61.0,107,1
 Diane Delano,61.0,111,1
 Brenton Thwaites,61.0,109,1
 Oliver Boot,61.0,133,1
 Joss Ackland,61.0,138,1
 Ciarán Hinds,61.0,133,1
 Donald Sumpter,61.0,138,1
 Dominic West,61.0,133,1
 Joseph Mazzello,61.0,111,1
 Randy Couture,61.0,94,1
 Josh Daugherty,61.0,133,1
 Peter Stebbings,61.0,138,1
 Judi Dench,61.0,510,4
 Rade Serbedzija,61.0,246,2
 Don Stark,61.0,133,1
 Michael Ealy,61.0,107,1
 Holly Weston,61.0,133,1
 Darwin Shaw,61.0,133,1
 Michaela Holla,61.0,94,1
 Tom Budge,61.0,109,1
 Joe Billingiere,61.0,133,1
 Nash Edgerton,61.0,109,1
 Christian Camargo,61.0,138,1
 David Cross,61.0,88,1
 Jim Broadbent,61.0,401,3
 David Schwimmer,61.0,133,1
 Patrick Warburton,61.0,88,1
 Chris Brown,61.0,107,1
 Jill Baker,61.0,133,1
 Ovidiu Niculescu,61.0,94,1
 David Strathairn,61.0,111,1
 John Shrapnel,61.0,138,1
 James Purefoy,61.0,133,1
 Tom Audenaert,61.0,96,1
 Camryn Grimes,61.0,99,1
 T.I.,61.0,107,1
 William Lucking,61.0,111,1
 Daniel O'Meara,61.0,133,1
 Davood Ghadami,61.0,133,1
 Paul Walker,61.0,107,1
 James Cromwell,61.0,269,2
 Cate Fowler,61.0,133,1
 Nicholas Woodeson,61.0,133,1
 Verne Troyer,61.0,312,3
 Will Ferrell,61.0,95,1
 Daryl Sabara,61.0,133,1
 Jack Kehler,61.0,88,1
 Peter Sarsgaard,61.0,138,1
 Zach Grenier,61.0,99,1
 Christopher Goodman,61.0,133,1
 Drea de Matteo,61.0,99,1
 Madalina Anea,61.0,94,1
 Eileen Page,61.0,133,1
 Kevin Bacon,61.0,111,1
 Kevin Bishop,61.0,96,1
 Grant Campbell,61.0,94,1
Matt Dillon,61.0,107,1
 Elizabeth Hurley,61.0,95,1
Meryl Streep,61.0,111,1
Michael Jai White,61.0,94,1
 Emma Clifford,61.0,133,1
 Enzo Cilenti,61.0,187,2
 Eric Lampaert,61.0,96,1
 Ron Perlman,61.0,291,3
 Amanda Clayton,61.0,133,1
 Alicia Vikander,61.0,109,1
 Edmund Kente,61.0,133,1
 George Remes,61.0,94,1
 Erika Sainte,61.0,96,1
 Sean Carrigan,61.0,133,1
 Lara Flynn Boyle,61.0,88,1
 Figs Jackman,61.0,133,1
 Luke Goss,61.0,94,1
 Rudolf Martin,61.0,99,1
 Rupert Frazer,61.0,133,1
 Adreea Diac,61.0,94,1
Taylor Kitsch,61.0,133,1
 Rupert Grint,61.0,96,1
 Samantha Morton,61.0,133,1
 Sam Redford,61.0,138,1
 Rob Lowe,61.0,95,1
 Marianne Jean-Baptiste,61.0,107,1
 Matt Nable,61.0,109,1
 Bogden Farcas,61.0,94,1
Ewan McGregor,61.0,109,1
 Benjamin Bratt,61.0,111,1
 Sung Kang,61.0,202,2
 Hayden Christensen,61.0,107,1
 Eddie Baroo,61.0,109,1
 Arkie Reece,61.0,133,1
 Steven Cree,61.0,133,1
 Heather Graham,61.0,95,1
 Steve Harris,61.0,107,1
 Dusty Sorg,61.0,133,1
 Marton Csokas,61.0,226,2
 Art Malik,61.0,133,1
 Rick Yune,60.666666666666664,351,3
 Ray Stevenson,60.5,227,2
 Anthony Hopkins,60.5,233,2
 Yul Vazquez,60.5,245,2
Pierce Brosnan,60.4,618,5
 Bruce McGill,60.333333333333336,296,3
 Bernie Mac,60.333333333333336,353,3
 Paula Patton,60.08759124087591,109,1
 Natasha Leggero,60.08759124087591,109,1
 Catherine Bell,60.08759124087591,109,1
 Kathryn Hahn,60.08759124087591,109,1
 Michael Chiklis,60.08759124087591,109,1
 Eugenia Yuan,60.0,101,1
 Ryo Ishibashi,60.0,103,1
 Vincent Schiavelli,60.0,119,1
 Daniele Pecci,60.0,103,1
 Samer al Masri,60.0,126,1
 Heather Locklear,60.0,96,1
 Jason Scott Lee,60.0,101,1
 Donnie Yen,60.0,101,1
 Dwayne Johnson,60.0,110,1
 Gabriella Wright,60.0,92,1
 Damian Chapa,60.0,96,1
 Veronica Cartwright,60.0,96,1
 Darryl Quon,60.0,101,1
 Helen Mirren,60.0,106,1
 Jay Hernandez,60.0,236,2
 Rufus Sewell,60.0,103,1
 Shari Watson,60.0,92,1
 Terence Stamp,60.0,110,1
 Teri Hatcher,60.0,119,1
 Steph Song,60.0,103,1
 Ricky Jay,60.0,119,1
 Sophie Marceau,60.0,128,1
 Denise Richards,60.0,128,1
 Thomas Jane,60.0,130,1
 Thomas Haden Church,60.0,272,2
 Timothy Dalton,60.0,103,1
 Götz Otto,60.0,119,1
 James Caan,60.0,110,1
 Robert Carlyle,60.0,128,1
 Gérard Ismaël,60.0,96,1
 Eliza Bennett,60.0,106,1
 Giovanni Guidelli,60.0,103,1
 James Remar,60.0,130,1
 Steven Berkoff,60.0,103,1
 Harry Shum Jr.,60.0,101,1
 Jamie Foreman,60.0,106,1
 Paul Bettany,60.0,209,2
 Roger Yuan,60.0,101,1
 Riham Abdel Ghafour,60.0,126,1
 Seth Green,60.0,189,2
 Rania Elkhatib,60.0,126,1
 Saul Rubinek,60.0,103,1
 Brian Presley,60.0,130,1
 Matt Lanter,60.0,130,1
 Woon Young Park,60.0,101,1
Mike Myers,60.0,189,2
Michelle Yeoh,60.0,101,1
 John Lone,60.0,103,1
Angelina Jolie,60.0,103,1
 Masi Oka,60.0,110,1
Ahmed Ezz,60.0,126,1
 John Strong,60.0,92,1
 Amina Khalil,60.0,126,1
 Mohamed Mamdouh,60.0,126,1
 Katherine de la Rocha,60.0,92,1
Charlie Sheen,60.0,96,1
 Mindy Sterling,60.0,189,2
 Chad Lindberg,60.0,92,1
 Maria Grazia Cucinotta,60.0,128,1
 Johnny Wactor,60.0,130,1
 Andrea Roth,60.0,103,1
 Michael York,60.0,189,2
 Michael Wright,60.0,96,1
Jet Li,60.0,103,1
 Andy Serkis,60.0,106,1
 Mark Cheng,60.0,103,1
 Callard Harris,60.0,130,1
 Nadine Velazquez,60.0,103,1
 Mathew St. Patrick,60.0,103,1
 Anne Hathaway,60.0,110,1
 Alan Arkin,60.0,110,1
Brendan Fraser,60.0,106,1
 Lesley Sharp,60.0,106,1
 Juju Chan,60.0,101,1
 Liam McIntyre,60.0,92,1
 Adam Scott Miller,60.0,130,1
 Chris Pang,60.0,101,1
Steve Carell,60.0,110,1
 Ahmed Safwat,60.0,126,1
 Ahmed Salah Hosny,60.0,126,1
 Luis Guzmán,60.0,103,1
 Aïcha Ben Ahmed,60.0,126,1
 Christian De Sica,60.0,103,1
 Nate Torrence,60.0,110,1
 Alessio Boni,60.0,103,1
 Jiro Wang,60.0,92,1
 Cody Walker,60.0,130,1
 Natasha Liu Bordizzo,60.0,101,1
 Chris Tucker,60.0,96,1
 Kane Kosugi,60.0,103,1
Will Smith,59.666666666666664,372,3
 Rafi Gavron,59.5,200,2
 Elizabeth Hoffman,59.5,219,2
 Mike Vogel,59.5,183,2
 Anton Yelchin,59.0,115,1
 Anson Mount,59.0,90,1
 Earl Boen,59.0,109,1
 Bill Nunn,59.0,139,1
Jackie Chan,59.0,506,5
 Kathleen Robertson,59.0,90,1
 Stephen Dorff,59.0,129,1
 Beyoncé Knowles-Carter,59.0,94,1
 Eddie Kaye Thomas,59.0,90,1
 Kenneth Miller,59.0,90,1
 Ayo Makun,59.0,104,1
 Dylan Baker,59.0,139,1
 Elizabeth Banks,59.0,139,1
 Mark Famiglietti,59.0,109,1
 Marie Avgeropoulos,59.0,94,1
 Fred Savage,59.0,94,1
Val Kilmer,59.0,116,1
 Lev Prygunov,59.0,116,1
 Frank Whaley,59.0,129,1
 Adam Rayner,59.0,94,1
Tobey Maguire,59.0,139,1
 Evgeniy Lazarev,59.0,116,1
 Rosemary Harris,59.0,139,1
Ramsey Nouah,59.0,104,1
 Alun Armstrong,59.0,116,1
 Maggie Gyllenhaal,59.0,129,1
 Aarif Rahman,59.0,107,1
 Kristanna Loken,59.0,109,1
 Emmanuel Edunjobi,59.0,104,1
 Kirsten Dunst,59.0,139,1
 Amirah Vann,59.0,94,1
 Maria Bello,59.0,129,1
Luciano Acuna Jr.,59.0,94,1
 Robert Knepper,59.0,90,1
 Amyra Dastur,59.0,107,1
 Elisabeth Shue,59.0,116,1
 Julianne Moore,59.0,96,1
 Sam Medina,59.0,94,1
Cam Gigandet,59.0,90,1
 Michael Trucco,59.0,96,1
 Zhang Yixing,59.0,107,1
 Jon Bernthal,59.0,129,1
 Miguel A. Núñez Jr.,59.0,104,1
 Johnny M. Wu,59.0,94,1
 Jadagrace,59.0,115,1
 James D'Arcy,59.0,300,2
 Mo Gallini,59.0,90,1
 Moira Sinise,59.0,109,1
 Moon Bloodgood,59.0,115,1
 Morgan Flynn,59.0,129,1
 Xzibit,59.0,90,1
 Chopper Bernet,59.0,109,1
 Joe Don Baker,59.0,353,3
 Jane Alexander,59.0,115,1
 Topher Grace,59.0,139,1
 Jim Beaver,59.0,96,1
 Christian Steel,59.0,94,1
 William Mapother,59.0,129,1
 Christine Allado,59.0,104,1
 Nick Damici,59.0,129,1
 Valeriy Nikolaev,59.0,116,1
 Jessica Biel,59.0,96,1
 Christopher Lawford,59.0,109,1
 Claire Danes,59.0,109,1
 Jenny Gabrielle,59.0,90,1
 Thomas Kretschmann,59.0,96,1
 Miya Muqi,59.0,107,1
 José Zúñiga,59.0,96,1
 Michael Ironside,59.0,115,1
 Bruce Campbell,59.0,139,1
 Josh Yadon,59.0,94,1
 Bryce Dallas Howard,59.0,254,2
 Disha Patani,59.0,107,1
Arnold Schwarzenegger,59.0,109,1
 Thenjiwe Moseley,59.0,104,1
 Irina Apeksimova,59.0,116,1
 Bucci Franklin,59.0,104,1
 Common,59.0,115,1
 Theresa Russell,59.0,139,1
 Henry Goodman,59.0,116,1
 Helena Bonham Carter,59.0,115,1
 Samuel L. Jackson,58.666666666666664,298,3
 Dennis Quaid,58.5,291,2
 Doug Jones,58.5,222,2
 Tzi Ma,58.0,108,1
 Steven Seagal,58.0,133,1
 Daniel Zacapa,58.0,98,1
 Caleb Landry Jones,58.0,98,1
 Sam Lee,58.0,105,1
 Frank Langella,58.0,264,2
 Bill Murray,58.0,208,2
 Will Yun Lee,58.0,133,1
 Whip Hubley,58.0,133,1
 Wentworth Miller,58.0,97,1
 Crispin Glover,58.0,284,3
 Aleksandr Baluev,58.0,124,1
 Sergio Peris-Mencheta,58.0,97,1
 Alexander Strobele,58.0,124,1
 David Wilmot,58.0,98,1
Kurt Russell,58.0,133,1
 Tiger Chen,58.0,105,1
 Spencer Locke,58.0,97,1
Jim Sturgess,58.0,95,1
 Toby Stephens,58.0,133,1
 Boris Kodjoe,58.0,97,1
 Theo James,58.0,98,1
 Emilio Echevarría,58.0,133,1
 Stephanie Sigman,58.0,98,1
Alexander Skarsgård,58.0,98,1
 Charles Hallahan,58.0,108,1
 Shawn Roberts,58.0,97,1
 Zulay Henao,58.0,98,1
Milla Jovovich,58.0,97,1
 Tessa Thompson,58.0,98,1
 David Dencik,58.0,95,1
 Thomas Cocquerel,58.0,95,1
 Ali Larter,58.0,97,1
 Colin Salmon,58.0,133,1
 Linda Hamilton,58.0,108,1
 Jemima West,58.0,95,1
 Maurice Compte,58.0,98,1
 Len Cariou,58.0,133,1
 Marcel Iures,58.0,124,1
 Lucy Liu,58.0,406,4
 Johnny Knoxville,58.0,195,2
 Kenneth Tsang,58.0,133,1
 Gary Werntz,58.0,124,1
 Qing Ye,58.0,105,1
 Holt McCallany,58.0,124,1
 Rosamund Pike,58.0,133,1
 Iko Uwais,58.0,105,1
 Hai Yu,58.0,105,1
 Ron Rifkin,58.0,98,1
 Jamie Renée Smith,58.0,108,1
 Rob Riggle,58.0,98,1
 Malcolm Barrett,58.0,98,1
 Grant Heslov,58.0,108,1
 Paul Reiser,58.0,98,1
 Jonathan Pryce,58.0,238,2
 Kirk Trutner,58.0,108,1
 Mikhail Gorevoy,58.0,133,1
 Lawrence Makoare,58.0,133,1
 Kelen Coleman,58.0,98,1
 Ryan Kwanten,58.0,95,1
 Mark van Eeuwen,58.0,95,1
 Oliver Platt,58.0,133,1
 Jeff Chase,58.0,98,1
 Nicole Kidman,58.0,124,1
 Joe Morton,58.0,133,1
 Leonard Earl Howze,58.0,98,1
 Rene Medvesek,58.0,124,1
 Karen Mok,58.0,105,1
 Randall Batinkoff,58.0,124,1
 Jim Haynie,58.0,124,1
 Jeremy Foley,58.0,108,1
Nicolas Cage,57.666666666666664,691,6
 Kevin Dunn,57.5,249,2
 Sam Keeley,57.5,227,2
 Peter Stormare,57.333333333333336,365,3
 Dhiru Shah,57.0,82,1
 Kathy Ireland,57.0,82,1
 Eduardo Gómez,57.0,93,1
 Peter Weller,57.0,96,1
Dolph Lundgren,57.0,96,1
 Ivan Makarevich,57.0,103,1
 Thomas Bruggemann,57.0,82,1
 Ravshana Kurkova,57.0,103,1
 Karen Allen,57.0,123,1
 Ray Winstone,57.0,123,1
 Igor Jijikine,57.0,226,2
 Berto Romero,57.0,93,1
Emilio Estevez,57.0,82,1
 Quim Gutiérrez,57.0,93,1
 Bessart Kallaku,57.0,103,1
 Gokul,57.0,82,1
 Sílvia Abril,57.0,93,1
 Dani El Rojo,57.0,93,1
 William Shatner,57.0,82,1
 Louis Mandylor,57.0,103,1
 Tony Jaa,57.0,96,1
 Ervin Bejleri,57.0,103,1
 Emilio Gutiérrez Caba,57.0,93,1
 Alexandra Jiménez,57.0,93,1
 Eric Tsang,57.0,214,2
 Freddy Rodríguez,57.0,188,2
 Frank McRae,57.0,82,1
 Rossy de Palma,57.0,93,1
 Mike Dopud,57.0,96,1
 Celina Jade,57.0,96,1
 David Suchet,57.0,231,2
 Yuriy Kutsenko,57.0,103,1
 Carlos Areces,57.0,93,1
Imanol Arias,57.0,93,1
Armand Assante,57.0,103,1
 Sahajak Boonthanakit,57.0,96,1
 Sam Spruell,56.5,228,2
 Stephen Campbell Moore,56.5,191,2
 Robert Sheehan,56.5,191,2
 Harvey Keitel,56.5,251,2
 Tim Curry,56.5,180,2
 Christine Baranski,56.0,111,1
 Jason Sudeikis,56.0,111,1
 Vince Vaughn,56.0,101,1
 Owen Wilson,56.0,101,1
 Joel Marsh Garland,56.0,111,1
 Tomás Hanák,56.0,119,1
 Cathy Moriarty,56.0,111,1
 Rachel Hurd-Wood,56.0,104,1
 Jason Bateman,56.0,101,1
 Patrick Hurd-Wood,56.0,104,1
 Max von Sydow,56.0,104,1
 Carol Kane,56.0,111,1
 Juliette Lewis,56.0,101,1
 Carmen Electra,56.0,101,1
 Julian Bleach,56.0,119,1
 Candice Bergen,56.0,98,1
Ben Stiller,56.0,101,1
 Peter Greene,56.0,111,1
 Tom Green,56.0,98,1
 Dorian Missick,56.0,111,1
 Jeff Garlin,56.0,111,1
 Laura Greenwood,56.0,119,1
 Russell Andrews,56.0,98,1
 Adam Rose,56.0,111,1
 Amy Smart,56.0,101,1
Matt Damon,56.0,119,1
 Lena Headey,56.0,119,1
 Lindsay Sloane,56.0,98,1
 Snoop Dogg,56.0,101,1
Michael Douglas,56.0,98,1
 Ryan Reynolds,56.0,98,1
 George Cheung,56.0,101,1
 Robin Tunney,56.0,98,1
 Alice Krige,56.0,104,1
 Gerard Butler,56.0,111,1
 Mackenzie Crook,56.0,223,2
 Roger Ashton-Griffiths,56.0,119,1
 LL Cool J,56.0,98,1
 Richard Ridings,56.0,119,1
 Maria Ricossa,56.0,98,1
 Fred Williamson,56.0,101,1
 Sam Rockwell,56.0,98,1
 Adam LeFevre,56.0,111,1
James Purefoy,56.0,104,1
Jennifer Aniston,56.0,111,1
 Kelly Lynch,56.0,98,1
 Heath Ledger,56.0,119,1
John Travolta,56.0,283,3
 Arabella Field,55.5,247,2
 David Koechner,55.333333333333336,314,3
 Patrick Fugit,55.0,109,1
 Dave Matthews,55.0,113,1
 Patrick Breen,55.0,109,1
 Winston Chao,55.0,107,1
 Lizzy Caplan,55.0,95,1
 Lainie Kazan,55.0,113,1
 Lex Shrapnel,55.0,95,1
 Colleen Camp,55.0,109,1
 Lilly Aspell,55.0,95,1
 Kristin Chenoweth,55.0,100,1
 Erica Tremblay,55.0,95,1
 Jane Krakowski,55.0,109,1
 Ryan Hansen,55.0,100,1
 Eve Torres,55.0,107,1
 Fan Bingbing,55.0,107,1
 Jess Rowland,55.0,100,1
 John Turturro,55.0,113,1
 Jessica Carlson,55.0,109,1
 Gabriel Basso,55.0,99,1
 Charlotte Rae,55.0,113,1
 Kristen Schaal,55.0,109,1
 Finesse Mitchell,55.0,99,1
 Frankie Faison,55.0,109,1
 Chris Massoglia,55.0,109,1
 Mía Maestro,55.0,98,1
 Dan Fogler,55.0,99,1
 Mike Colter,55.0,95,1
 Dove Cameron,55.0,99,1
 Emmy Rossum,55.0,98,1
 Jacinda Barrett,55.0,98,1
 Emmanuelle Chriqui,55.0,113,1
 Rob Huebel,55.0,99,1
 Israel Broussard,55.0,95,1
 Sophie Turner,55.0,99,1
Kristen Bell,55.0,100,1
 Ido Mosseri,55.0,113,1
Kevin James,55.0,189,2
 Kevin Dillon,55.0,98,1
Josh Lucas,55.0,98,1
 Don McManus,55.0,109,1
 Rachael Harris,55.0,99,1
John C. Reilly,55.0,109,1
 Steve-O,55.0,99,1
 Richard Dreyfuss,55.0,98,1
 Beau Bridges,55.0,100,1
 Bradley Cooper,55.0,100,1
 Thomas Mann,55.0,99,1
 Michael Buffer,55.0,113,1
 Emma Booth,55.0,95,1
Hailee Steinfeld,55.0,99,1
 Michael Rosenbaum,55.0,100,1
 Toby Sebastian,55.0,99,1
 Michael Cerveris,55.0,109,1
 Josh Hutcherson,55.0,109,1
 Michael Jai White,55.0,197,2
 Dax Shepard,55.0,100,1
Michael Peña,55.0,95,1
 Joy Bryant,55.0,100,1
Adam Sandler,54.69586374695863,342,3
 Nick Swardson,54.69586374695863,342,3
 David Spade,54.543795620437955,229,2
 Terry Crews,54.5,230,2
 Ritchie Coster,54.5,210,2
 Shia LaBeouf,54.5,229,2
 David Zayas,54.5,196,2
Brandon Routh,54.0,154,1
 Marlon Brando,54.0,154,1
 Matt LeBlanc,54.0,204,2
 Kate Bosworth,54.0,154,1
 Nikolai Kinski,54.0,93,1
 Kal Penn,54.0,154,1
 Amelia Warner,54.0,93,1
 Yangzom Brauen,54.0,93,1
 Kevin Spacey,54.0,154,1
 Jonny Lee Miller,54.0,93,1
 Caroline Chikezie,54.0,93,1
Cameron Diaz,54.0,204,2
Charlize Theron,54.0,93,1
 Sam Huntington,54.0,154,1
 Parker Posey,54.0,154,1
 James Marsden,54.0,154,1
 Frances McDormand,54.0,93,1
 Drew Barrymore,54.0,204,2
 Tom Arnold,54.0,201,2
 Sophie Okonedo,54.0,93,1
 Eva Marie Saint,54.0,154,1
 Taylor Lautner,54.0,214,2
 Paterson Joseph,54.0,93,1
 Johnathon Schaech,53.5,198,2
 Paul Dooley,53.0,114,1
Matthew Broderick,53.0,139,1
 Harry Shearer,53.0,139,1
 Paul L. Smith,53.0,114,1
 Jon Lovitz,53.0,202,2
 Anthony Anderson,53.0,101,1
Steven Seagal,53.0,101,1
 David Vadim,53.0,101,1
 Debi Mazar,53.0,99,1
Robin Williams,53.0,114,1
 Hank Azaria,53.0,139,1
 Michael Lerner,53.0,139,1
 Doug Savant,53.0,139,1
 Macintyre Dixon,53.0,114,1
 Mia Cottet,53.0,99,1
 Roberta Maxwell,53.0,114,1
 Isaiah Washington,53.0,101,1
 Romany Malco,53.0,99,1
 Bill Duke,53.0,101,1
 Jennifer Love Hewitt,53.0,99,1
 Shelley Duvall,53.0,114,1
 Donald Moffat,53.0,114,1
 Malcolm Danare,53.0,139,1
 Ray Walston,53.0,114,1
 Donovan Scott,53.0,114,1
 Jill Hennessy,53.0,101,1
 Salma Hayek,53.0,215,2
 Richard Libertini,53.0,114,1
 DMX,53.0,101,1
 Maria Pitillo,53.0,139,1
 Daniel Kash,53.0,99,1
 Vicki Lewis,53.0,139,1
 Jean Reno,53.0,139,1
 Eva Mendes,52.5,211,2
 Luke Wilson,52.333333333333336,324,3
 Thomas Arnold,52.0,90,1
Paul Bettany,52.0,100,1
 Diana Hardcastle,52.0,90,1
 Adam Ferrara,52.0,91,1
 Thure Lindhardt,52.0,100,1
 Bobby Cannavale,52.0,91,1
 Peter Gerety,52.0,91,1
 Tim Ahern,52.0,100,1
 Peter Fonda,52.0,110,1
 Brett Cullen,52.0,110,1
 Demi Moore,52.0,106,1
 Keir O'Donnell,52.0,91,1
 Justin Theroux,52.0,106,1
 Ulrich Thomsen,52.0,95,1
 Rob Schneider,52.0,233,2
 Nikki Amuka-Bird,52.0,128,1
 Jeanette Miller,52.0,100,1
 Rodrigo Santoro,52.0,106,1
 Matt Long,52.0,110,1
 Bentley Kalu,52.0,100,1
Mila Kunis,52.0,128,1
 Raini Rodriguez,52.0,91,1
 Shirley Knight,52.0,91,1
 Claire Foy,52.0,95,1
 Deborah Rosan,52.0,100,1
 Sam Elliott,52.0,110,1
 Donal Logue,52.0,110,1
 Kate Walsh,52.0,100,1
Vanessa Kirby,52.0,100,1
 Wes Bentley,52.0,110,1
 Diarmaid Murtagh,52.0,90,1
 Oliver Dimsdale,52.0,90,1
 Josh Stamberg,52.0,100,1
 Kevin Durand,52.0,100,1
 Raquel Alessi,52.0,110,1
 Lucas Black,52.0,100,1
 Stephen Graham,52.0,95,1
 Tom McKay,52.0,100,1
 Gugu Mbatha-Raw,52.0,128,1
 Tom Wilkinson,52.0,90,1
 Adhir Kalyan,52.0,91,1
 David Ajala,52.0,100,1
 Jayma Mays,52.0,91,1
 Douglas Booth,52.0,128,1
 Stephen Rannazzisi,52.0,91,1
 Kevin Rees,52.0,95,1
 Adrianne Palicki,52.0,100,1
 Tuppence Middleton,52.0,128,1
 Charles S. Dutton,52.0,100,1
 Tyrese Gibson,52.0,100,1
 Damian Kell,52.0,100,1
 Eddie Redmayne,52.0,128,1
 Kate Hudson,52.0,90,1
 Jon Tenney,52.0,100,1
 Michael Jibson,52.0,90,1
 Osi Okerafor,52.0,100,1
 Andrew Hefler,52.0,95,1
James Franco,52.0,90,1
 Willa Holland,52.0,100,1
 Gary Valentine,52.0,91,1
 Jamal Mixon,52.0,91,1
 Kelly Gough,52.0,100,1
 Omar Sy,52.0,90,1
 Christina Cole,52.0,128,1
 Laurence Breuls,52.0,110,1
 Robert Patrick,52.0,106,1
 Cameron Harlow,52.0,100,1
 Philip Arditti,51.5,252,2
 Sofia Eng,51.0,106,1
Johnny Knoxville,51.0,104,1
 Kenneth Branagh,51.0,106,1
 Kevin Heffernan,51.0,104,1
 Burt Reynolds,51.0,104,1
 James Roday,51.0,104,1
 Frederique Van Der Wal,51.0,106,1
 Musetta Vander,51.0,106,1
 Jessica Simpson,51.0,104,1
 M.C. Gainey,51.0,104,1
 Seann William Scott,51.0,104,1
 Kevin Kline,51.0,106,1
 M. Emmet Walsh,51.0,106,1
 Tory Kittles,51.0,191,2
 Michael Roof,51.0,104,1
 Ted Levine,51.0,106,1
 Danny Trejo,49.0,120,1
 Steve Buscemi,49.0,120,1
 Nick Nolte,49.0,120,1
 Steve Zahn,49.0,120,1
 Lavell Crawford,49.0,120,1
 Jorge Garcia,49.0,120,1
 Saginaw Grant,49.0,120,1
 Will Forte,49.0,120,1
 Julia Jones,49.0,120,1
 Blake Shelton,49.0,120,1
 Whitney Cummings,49.0,120,1
 Vanilla Ice,49.0,120,1
 Christopher McDonald,48.0,95,1
 Hal Williams,48.0,95,1
 Willie Nelson,48.0,95,1
 Sherilyn Fenn,48.0,95,1
 Gary Cole,48.0,95,1
 Joel David Moore,48.0,95,1
 Harland Williams,48.0,95,1
 Jonathan Bennett,48.0,95,1
Randy Wayne,48.0,95,1
 April Scott,48.0,95,1
 Scottie Thompson,47.0,94,1
 Robin Gammell,47.0,94,1
 Crystal Reed,47.0,94,1
 Donald Faison,47.0,94,1
 Mark Dacascos,47.0,91,1
 J. Paul Boehmer,47.0,94,1
 Brittany Daniel,47.0,94,1
Eric Balfour,47.0,94,1
 Peter Cook,47.0,125,1
 DeRay Davis,47.0,91,1
Faye Dunaway,47.0,125,1
 Tanya Newbould,47.0,94,1
 Helen Slater,47.0,125,1
 Callum Keith Rennie,47.0,91,1
 Neil Hopkins,47.0,94,1
 Will Patton,47.0,91,1
 Nicollette Sheridan,47.0,91,1
 Niecy Nash,47.0,91,1
 Hart Bochner,47.0,125,1
Cedric the Entertainer,47.0,91,1
 John Cusack,46.0,91,1
 Bruce Willis,46.0,91,1
 Jessica Lowndes,46.0,91,1
 50 Cent,46.0,91,1
 Gia Mantegna,46.0,91,1
Jason Patric,46.0,91,1
 Rain,46.0,91,1
 Georges St-Pierre,45.0,90,1
 Patrick St. Esprit,45.0,91,1
 Rebecca De Mornay,45.0,91,1
 Jean-Claude Van Damme,45.0,90,1
 Christopher Meloni,45.0,91,1
 Sam Trammell,45.0,91,1
 Asante Jones,45.0,91,1
 Sara Malakul Lane,45.0,90,1
 Fabricio Werdum,45.0,90,1
 Gina Carano,45.0,90,1
 Dave Bautista,45.0,90,1
 Jordan Whalen,45.0,91,1
 Cain Velasquez,45.0,90,1
 Amanda Schull,45.0,91,1
 Matthew Ziff,45.0,90,1
Alain Moussi,45.0,90,1
 Paul Sloan,45.0,91,1
 T.J. Storm,45.0,90,1
 Luis Da Silva Jr.,44.0,186,2
Hayden Christensen,43.0,95,1
 Joe Chrest,43.0,95,1
 Jordana Brewster,43.0,95,1
 Akon,43.0,95,1
 Adrien Brody,43.0,95,1
 Lance E. Nichols,43.0,95,1
 Joe Dempsie,42.0,119,1
 Nicholas Pinnock,42.0,119,1
Johnny Harris,42.0,119,1
 Parker Sawyers,42.0,119,1
 Sofia Boutella,42.0,119,1
 Kyle Soller,42.0,119,1
